location,precision,arrondissement,format_1m2,format_2m2,longitude,latitude,arr_raw,arr_extracted,arrondissement_clean,total_panels,total_area
"42, rue Madame",Ecole élémentaire,75006.0,1.0,0.0,2.331602,48.848934,75006.0,75006,6,1.0,1.0
"31, rue Pierre Semard",Panneau A,75009.0,0.0,1.0,2.348291,48.879105,75009.0,75009,9,1.0,2.0
"24, rue Saint Sébastien",,75011.0,0.0,1.0,2.369434,48.861114,75011.0,75011,11,1.0,2.0
"132, rue d Alésia",,75014.0,0.0,1.0,2.319421,48.830516,75014.0,75014,14,1.0,2.0
"4-6, rue du Bessin",Angle rue du Bessin et rue Castagnary,75015.0,0.0,1.0,2.305727,48.831051,75015.0,75015,15,1.0,2.0
"6, avenue de la porte de Clichy",,75017.0,0.0,1.0,2.313008,48.894694,75017.0,75017,17,1.0,2.0
"2, rue Ronsard",,75018.0,0.0,1.0,2.344249,48.884999,75018.0,75018,18,1.0,2.0
"1, rue Pihet",,75011.0,0.0,1.0,2.373882,48.863455,75011.0,75011,11,1.0,2.0
"35, rue de l Evangile",,75018.0,0.0,1.0,2.365278,48.894071,75018.0,75018,18,1.0,2.0
"97, rue Mouffetard",Ecole maternelle,75005.0,1.0,0.0,2.349685,48.84134,75005.0,75005,5,1.0,1.0
"6, rue Littré",Groupe scolaire,75006.0,1.0,0.0,2.323705,48.845747,75006.0,75006,6,1.0,1.0
rue Lachelier,place port au prince,75013.0,0.0,1.0,2.365939,48.819702,75013.0,75013,13,1.0,2.0
"13, rue Vulpian",,75013.0,0.0,1.0,2.34649,48.83154,75013.0,75013,13,1.0,2.0
"59/59bis, rue de Romainville",Ecole maternelle Romainville,75019.0,0.0,1.0,2.403386,48.877388,75019.0,75019,19,1.0,2.0
"3, rue de l'Epée de Bois",Dispensaire Epée de bois,75005.0,1.0,0.0,2.351354,48.841557,75005.0,75005,5,1.0,1.0
"15, rue des Volontaires",,75015.0,0.0,1.0,2.307794,48.841682,75015.0,75015,15,1.0,2.0
"32-34, rue Alsace Lorraine",,75019.0,0.0,1.0,2.392785,48.882991,75019.0,75019,19,1.0,2.0
"34-54, avenue Marc Sangnier",,75014.0,0.0,1.0,2.30741,48.825938,75014.0,75014,14,1.0,2.0
Avenue de la Porte de Pantin,,75019.0,0.0,1.0,2.397958,48.88998,75019.0,75019,19,1.0,2.0
10 rue Huyghens,,75014.0,0.0,1.0,2.328593,48.840883,75014.0,75014,14,1.0,2.0
"58-60, rue de l Amiral Bruix",,75016.0,0.0,1.0,2.280587,48.875254,75016.0,75016,16,1.0,2.0
"11, rue Drouot",,75009.0,0.0,1.0,2.34045,48.873382,75009.0,75009,9,1.0,2.0
"58, rue Erlanger",,75016.0,0.0,1.0,2.259622,48.844134,75016.0,75016,16,1.0,2.0
"41, rue de Tanger",,75019.0,0.0,1.0,2.370231,48.887761,75019.0,75019,19,1.0,2.0
"38, rue de tourtille",,75020.0,1.0,0.0,2.380281,48.872432,75020.0,75020,20,1.0,1.0
"48, rue du Chateau Landon",,75010.0,0.0,1.0,2.364032,48.883223,75010.0,75010,10,1.0,2.0
"école élémentaire : 84, rue Curial",,75019.0,0.0,1.0,2.374613,48.894902,75019.0,75019,19,1.0,2.0
"29, avenue Gambetta",,75020.0,1.0,0.0,2.391763,48.864014,75020.0,75020,20,1.0,1.0
"36, rue le Vau",,75020.0,0.0,1.0,2.410873,48.869824,75020.0,75020,20,1.0,2.0
"85, boulevard Raspail",,75006.0,0.0,1.0,2.328112,48.847852,75006.0,75006,6,1.0,2.0
"14, rue d Alésia",,75014.0,0.0,1.0,2.332862,48.827862,75014.0,75014,14,1.0,2.0
"39, rue Saint-André des Arts",Ecole maternelle,75006.0,1.0,0.0,2.341287,48.853272,75006.0,75006,6,1.0,1.0
"3, place du Cardinal Lavigerie",,75012.0,0.0,1.0,,,75012.0,75012,12,1.0,2.0
"54, rue Planchat",,75020.0,0.0,1.0,2.3964689999999997,48.855971,75020.0,75020,20,1.0,2.0
"162, boulevard Murat",,75016.0,0.0,1.0,2.26544,48.838878,75016.0,75016,16,1.0,2.0
"15, Cour Debille",,75011.0,0.0,1.0,2.379842,48.855876,75011.0,75011,11,1.0,2.0
"345-347, rue de Belleville",Ecole maternelle Leman-Belleville,75019.0,0.0,1.0,2.391482,48.874919,75019.0,75019,19,1.0,2.0
"28, rue Olivier Métra",,75020.0,0.0,1.0,2.393873,48.87328,75020.0,75020,20,1.0,2.0
"8, rue  Pierre Foncin",Ecole Maternelle P. Foncin,75020.0,1.0,0.0,2.409702,48.871358,75020.0,75020,20,1.0,1.0
"50, rue Emeriau",,75015.0,0.0,1.0,2.286048,48.849521,75015.0,75015,15,1.0,2.0
"7, rue Fernand Laborie",,75018.0,0.0,1.0,2.342267,48.898533,75018.0,75018,18,1.0,2.0
"101, rue Rambuteau",(porte Rambuteau du Forum),75001.0,1.0,0.0,2.346663,48.862744,75001.0,75001,1,1.0,1.0
"50, rue Lacépède",Bains-Douches,75005.0,1.0,0.0,2.349986,48.84438,75005.0,75005,5,1.0,1.0
100 rue de Charenton -,"Le ""100""",75012.0,1.0,0.0,2.376957,48.847696,75012.0,75012,12,1.0,1.0
"118, quai de Jemmapes",,75010.0,0.0,1.0,2.36381,48.874978,75010.0,75010,10,1.0,2.0
"10, boulevard Murat",,75016.0,0.0,1.0,2.258228,48.846838,75016.0,75016,16,1.0,2.0
"13-15, rue Jean de la Fontaine",,75016.0,0.0,1.0,2.270749,48.850615,75016.0,75016,16,1.0,2.0
"101, rue de Saussure",,75017.0,0.0,1.0,2.311703,48.887438,75017.0,75017,17,1.0,2.0
"20, rue de Musset",,75016.0,0.0,1.0,2.263429,48.842381,75016.0,75016,16,1.0,2.0
"37, rue Armand Carrel",,75019.0,0.0,1.0,2.377818,48.882603,75019.0,75019,19,1.0,2.0
"81-91, Rue de la Réunion",Ecole maternelle,75020.0,1.0,0.0,2.40025,48.85645,75020.0,75020,20,1.0,1.0
angle Alibert / Claude Vellefaux,,75010.0,0.0,1.0,2.370246,48.874893,75010.0,75010,10,1.0,2.0
"16, rue Wurtz",,75013.0,1.0,0.0,2.344612,48.826924,75013.0,75013,13,1.0,1.0
"22, rue Saint Maur",,75011.0,0.0,1.0,2.382034,48.860315,75011.0,75011,11,1.0,2.0
"200, rue Saint Maur",,75010.0,0.0,1.0,2.3716749999999998,48.872242,75010.0,75010,10,1.0,2.0
47 rue de Picpus,Ecole - à droite de l'entrée,75012.0,1.0,0.0,2.39699,48.843372,75012.0,75012,12,1.0,1.0
"18, avenue de la porte de Chatillon",,75014.0,0.0,1.0,2.317013,48.823693,75014.0,75014,14,1.0,2.0
"315, rue de Charenton",,75012.0,0.0,1.0,2.395135,48.833639,75012.0,75012,12,1.0,2.0
"12, rue du Docteur Laurent",,75013.0,0.0,1.0,2.355973,48.824915,75013.0,75013,13,1.0,2.0
"3, avenue Boudon / angle rue du Père Brottier",,75016.0,0.0,1.0,2.270562,48.850202,75016.0,75016,16,1.0,2.0
"13, rue de Tanger",,75019.0,0.0,1.0,2.367735,48.885177,75019.0,75019,19,1.0,2.0
"48, rue Vaneau",,75007.0,0.0,1.0,2.31916,48.851211,75007.0,75007,7,1.0,2.0
83 avenue du Général Michel Bizot,Ecole - à droite de l'entrée,75012.0,1.0,0.0,2.403541,48.837242,75012.0,75012,12,1.0,1.0
51 rue François Truffaut,Centre d'Animation CLAJE Bercy - à droite de l'entrée,75012.0,1.0,0.0,2.387186,48.834272,75012.0,75012,12,1.0,1.0
"229, rue de Courcelles",,75017.0,0.0,1.0,2.292691,48.889534,75017.0,75017,17,1.0,2.0
6 rue de Metz,,75010.0,0.0,1.0,2.35392,48.870887,75010.0,75010,10,1.0,2.0
"26, boulevard Carnot",,75012.0,0.0,1.0,2.412916,48.843494,75012.0,75012,12,1.0,2.0
30 Rue de la Breche aux loups,,75012.0,0.0,1.0,2.394145,48.837481,75012.0,75012,12,1.0,2.0
"47, rue de Saussure",,75017.0,0.0,1.0,2.314919,48.885256,75017.0,75017,17,1.0,2.0
"31, rue Godeffroy Cavaignac",,75011.0,0.0,1.0,2.380504,48.856139,75011.0,75011,11,1.0,2.0
112 Boulevards des Maréchaux,Angle Marechaux / rue de l Abbé Rousselot,75017.0,0.0,1.0,2.309226,48.883796,75017.0,75017,17,1.0,2.0
"81, boulevard Massena",,75013.0,0.0,1.0,2.368247,48.820839,75013.0,75013,13,1.0,2.0
"15-17, rue Rampal",,75019.0,0.0,1.0,2.379553,48.874325,75019.0,75019,19,1.0,2.0
"49, boulevard Menilmontant",,75011.0,0.0,1.0,2.3865309999999997,48.862694,75011.0,75011,11,1.0,2.0
95 rue du temple,,75003.0,1.0,0.0,2.356976,48.862048,75003.0,75003,3,1.0,1.0
"6, avenue Maurice Ravel",,75012.0,0.0,1.0,2.411745,48.841801,75012.0,75012,12,1.0,2.0
"7, rue Paul Appell",,75014.0,0.0,1.0,2.326294,48.821674,75014.0,75014,14,1.0,2.0
"8, square Lamarck",,75018.0,0.0,1.0,2.335818,48.890833,75018.0,75018,18,1.0,2.0
"87, avenue Jean Jaurès",,75019.0,0.0,1.0,2.379333,48.885302,75019.0,75019,19,1.0,2.0
"26, rue Boulay","Centre sportif Bernard Lafay, angle rue de la Joncquière",75017.0,0.0,1.0,2.318374,48.894664,75017.0,75017,17,1.0,2.0
"29, rue Hermel",Bibliothèque Clignancourt,75018.0,0.0,1.0,2.344508,48.891616,75018.0,75018,18,1.0,2.0
"8, rue Sadi Lecointe",,75019.0,0.0,1.0,2.373876,48.880356,75019.0,75019,19,1.0,2.0
"21, rue Saint Louis en l'Isle",,75004.0,0.0,1.0,2.3572509999999998,48.851526,75004.0,75004,4,1.0,2.0
"2, rue Eugène Reisz",,75020.0,0.0,1.0,2.410685,48.85643,75020.0,75020,20,1.0,2.0
"40, rue Vandrezane",,75013.0,0.0,1.0,2.35322,48.827774,75013.0,75013,13,1.0,2.0
15-33 Avenue de la Porte des Poissonniers,angle rue Jean Cocteau / avenue porte de Poissonniers,75018.0,0.0,1.0,2.352423,48.899663,75018.0,75018,18,1.0,2.0
"5, rue Noyer Durand",Ecole maternelle,75019.0,0.0,1.0,2.399121,48.886727,75019.0,75019,19,1.0,2.0
"23, rue Jacquier",,75014.0,0.0,1.0,2.316987,48.829979,75014.0,75014,14,1.0,2.0
"160-162, rue Championnet",,75018.0,0.0,1.0,2.340169,48.895048,75018.0,75018,18,1.0,2.0
64 rue de Beaubourg,,75003.0,1.0,0.0,2.354553,48.863243,75003.0,75003,3,1.0,1.0
"40, rue des Meuniers",,75012.0,0.0,1.0,2.396294,48.834878,75012.0,75012,12,1.0,2.0
"18, rue Jean Zay",,75014.0,0.0,1.0,2.320578,48.837607,75014.0,75014,14,1.0,2.0
"130, boulevard de Clichy",Panneau A : face au 130,75009.0,0.0,1.0,2.334409,48.882984,75009.0,75009,9,1.0,2.0
"3, passage Bullourde",,75011.0,0.0,1.0,2.376653,48.854709,75011.0,75011,11,1.0,2.0
"103, rue de la Croix Nivert",,75015.0,0.0,1.0,2.294888,48.842595,75015.0,75015,15,1.0,2.0
"11, rue Jean Rey",angle avenue de Suffren / rue Jean Rey,75015.0,0.0,1.0,2.291447,48.855395,75015.0,75015,15,1.0,2.0
"4, place du Cardinal Lavigerie",,75012.0,0.0,1.0,,,75012.0,75012,12,1.0,2.0
"82, rue Pernetty",,75014.0,0.0,1.0,2.315742,48.835399,75014.0,75014,14,1.0,2.0
9 rue Polonceau,angle rue Polonceau / rue Boris Vian,75018.0,0.0,1.0,2.353862,48.885396,75018.0,75018,18,1.0,2.0
53 allée Darius Milhaud,Ecole maternelle,75019.0,0.0,1.0,2.390867,48.88457,75019.0,75019,19,1.0,2.0
"293, rue des Pyrénées",,75020.0,0.0,1.0,2.394918,48.869368,75020.0,75020,20,1.0,2.0
"18, rue Faidherbe",,75011.0,0.0,1.0,2.383955,48.851602,75011.0,75011,11,1.0,2.0
"18, avenue de la prte Brancion",,75015.0,0.0,1.0,2.300413,48.826626,75015.0,75015,15,1.0,2.0
"2, rue Féssart",,75019.0,0.0,1.0,2.38915,48.876172,75019.0,75019,19,1.0,2.0
"5, rue Mouraud",Ecole élémentaire,75020.0,0.0,1.0,2.407777,48.854708,75020.0,75020,20,1.0,2.0
"25, rue de Rivoli",,75004.0,0.0,1.0,2.355152,48.856693,75004.0,75004,4,1.0,2.0
15 Rue Girardon,,75018.0,0.0,1.0,2.33782,48.888084,75018.0,75018,18,1.0,2.0
104-106 Rue Compans,Angle  rue du Général Brunet,75019.0,0.0,1.0,2.389772,48.880396,75019.0,75019,19,1.0,2.0
"24, rue de la Cour des Noues",,75020.0,1.0,0.0,2.401004,48.864378,75020.0,75020,20,1.0,1.0
"68, boulevard Poniatowski",,75012.0,0.0,1.0,2.399323,48.832161,75012.0,75012,12,1.0,2.0
"77, rue d Alésia",,75014.0,0.0,1.0,2.327953,48.82773,75014.0,75014,14,1.0,2.0
"9, rue des Alouettes",,75019.0,0.0,1.0,2.385354,48.877519,75019.0,75019,19,1.0,2.0
"7, rue Barbanègre","école élémentaire, Panneau A",75019.0,0.0,1.0,2.382858,48.892135,75019.0,75019,19,1.0,2.0
"17-19, rue Blomet",,75015.0,0.0,1.0,2.307197,48.843156,75015.0,75015,15,1.0,2.0
"42, rue de la Mare",,75020.0,1.0,0.0,2.389959,48.871094,75020.0,75020,20,1.0,1.0
"148, avenue Gambetta",,75020.0,0.0,1.0,2.406186,48.875389,75020.0,75020,20,1.0,2.0
"11, rue Valette",Creche,75005.0,1.0,0.0,2.3469160000000002,48.847557,75005.0,75005,5,1.0,1.0
"88, boulevard Bessière",,75017.0,0.0,1.0,2.319314,48.896536,75017.0,75017,17,1.0,2.0
"17, avenue Edison",,75013.0,0.0,1.0,2.3642849999999997,48.827738,75013.0,75013,13,1.0,2.0
"2, rue de la Guadeloupe",,75018.0,0.0,1.0,2.362625,48.890753,75018.0,75018,18,1.0,2.0
"36, rue Féssart",,75019.0,0.0,1.0,2.384217,48.876827,75019.0,75019,19,1.0,2.0
"5, place Paul Verlaine",,75013.0,0.0,1.0,2.352475,48.827428,75013.0,75013,13,1.0,2.0
"5, place Hebert",,75018.0,0.0,1.0,2.363213,48.893105,75018.0,75018,18,1.0,2.0
"26, rue Maryse Hilz",,75020.0,0.0,1.0,2.412878,48.852133,75020.0,75020,20,1.0,2.0
"46/48, rue du Rocher",,75008.0,0.0,1.0,2.320526,48.877866,75008.0,75008,8,1.0,2.0
"115, boulevard Charonne",,75011.0,0.0,1.0,2.393939,48.856591,75011.0,75011,11,1.0,2.0
"15, rue Guersant",,75017.0,0.0,1.0,2.290199,48.880565,75017.0,75017,17,1.0,2.0
"16, rue de l Atlas",,75019.0,0.0,1.0,2.376595,48.875505,75019.0,75019,19,1.0,2.0
"18, rue Maryse Hilsz",,75020.0,0.0,1.0,2.412835,48.850531,75020.0,75020,20,1.0,2.0
"19, rue de l'arbre sec",,75001.0,0.0,1.0,2.342026,48.859896,75001.0,75001,1,1.0,2.0
"4, rue Cler",,75007.0,0.0,1.0,2.305271,48.85878,75007.0,75007,7,1.0,2.0
"22, boulevard Poissonnière",Panneau A,75009.0,0.0,1.0,2.345109,48.871326,75009.0,75009,9,1.0,2.0
"142, rue des Poissonniers",,75018.0,0.0,1.0,2.352861,48.896602,75018.0,75018,18,1.0,2.0
"112, rue de Rennes",centre André Malraux,75006.0,1.0,0.0,2.327529,48.847869,75006.0,75006,6,1.0,1.0
"28, rue du Général Foy",Panneau A,75008.0,0.0,1.0,2.317688,48.878822,75008.0,75008,8,1.0,2.0
"45-59, rue de Romainville",Ecole maternelle Romainville,75019.0,0.0,1.0,2.403219,48.877377,75019.0,75019,19,1.0,2.0
square des Amandiers,passage Duris,75020.0,0.0,1.0,2.389248,48.86577,75020.0,75020,20,1.0,2.0
"30/40, rue Emeriau",,75015.0,0.0,1.0,2.286149,48.849731,75015.0,75015,15,1.0,2.0
"4-8, rue Brunetiere",,75017.0,0.0,1.0,2.30087,48.890317,75017.0,75017,17,1.0,2.0
"6, rue pommard",,75012.0,0.0,1.0,2.384587,48.835968,75012.0,75012,12,1.0,2.0
"5bis, rue Eugène Oudine",,75013.0,0.0,1.0,2.375676,48.825781,75013.0,75013,13,1.0,2.0
"7-29, rue Eugénie Cotton",Ecole élémentaire Lilas,75019.0,0.0,1.0,2.394505,48.878594,75019.0,75019,19,1.0,2.0
"4, rue Mercoeur",,75011.0,0.0,1.0,2.383143,48.856892,75011.0,75011,11,1.0,2.0
40 Jacques Hillairet,Ecole - à gauche de l'entrée,75012.0,1.0,0.0,2.388838,48.843121,75012.0,75012,12,1.0,1.0
"22, rue Jean Leclaire",,75017.0,0.0,1.0,2.327266,48.896619,75017.0,75017,17,1.0,2.0
"8, rue Jean Francois Lepine",,75018.0,0.0,1.0,2.358258,48.886176,75018.0,75018,18,1.0,2.0
"12, rue René Binet",,75018.0,0.0,1.0,2.342365,48.899487,75018.0,75018,18,1.0,2.0
"15, rue Sorbier",,75020.0,0.0,1.0,2.392293,48.866319,75020.0,75020,20,1.0,2.0
"108, avenue Philippe Auguste",,75011.0,0.0,1.0,2.390985,48.856704,75011.0,75011,11,1.0,2.0
"25, rue de la Bidassoa",,75020.0,0.0,1.0,2.393403,48.866346,75020.0,75020,20,1.0,2.0
"33, rue Saint Bernard",,75011.0,0.0,1.0,2.38079,48.852838,75011.0,75011,11,1.0,2.0
"185, avenue de Versailles",,75016.0,0.0,1.0,2.263832,48.839895,75016.0,75016,16,1.0,2.0
"153, avenue Gambetta",,75020.0,1.0,0.0,2.402914,48.87009,75020.0,75020,20,1.0,1.0
"36, rue des Docteurs Dejerine",,75020.0,0.0,1.0,2.411724,48.856862,75020.0,75020,20,1.0,2.0
"19, rue de Lagny",,75020.0,0.0,1.0,2.401828,48.848913,75020.0,75020,20,1.0,2.0
"Face au 8, rue des Recollets",Face au 8,75010.0,0.0,1.0,2.362063,48.874437,75010.0,75010,10,1.0,2.0
Place d'Aligre,Mairie Annexe - à droite de l'entrée,75012.0,1.0,0.0,2.378282,48.848901,75012.0,75012,12,1.0,1.0
"8, rue Kuss",,75013.0,0.0,1.0,2.351299,48.822231,75013.0,75013,13,1.0,2.0
"12, rue Severo",,75014.0,0.0,1.0,2.323515,48.832453,75014.0,75014,14,1.0,2.0
"163, boulevard Mortier",,75020.0,0.0,1.0,2.407428,48.875444,75020.0,75020,20,1.0,2.0
"91, rue des Orteaux",,75020.0,0.0,1.0,2.407425,48.855933,75020.0,75020,20,1.0,2.0
"58, rue de Clisson",,75013.0,0.0,1.0,2.36599,48.830739,75013.0,75013,13,1.0,2.0
"1-3, rue des Jardins Saint-Paul",,75004.0,1.0,0.0,2.360729,48.853472,75004.0,75004,4,1.0,1.0
"87, rue de Vaugirard",Gymnase Littré,75006.0,1.0,0.0,2.323206,48.8459,75006.0,75006,6,1.0,1.0
"56, boulevard Ney",,75018.0,0.0,1.0,2.3643929999999997,48.898888,75018.0,75018,18,1.0,2.0
"40, rue Manin",Angle rue d'Alsace Lorraine,75019.0,0.0,1.0,2.390199,48.883806,75019.0,75019,19,1.0,2.0
"24, rue Louis Braille",,75012.0,0.0,1.0,2.402816,48.839681,75012.0,75012,12,1.0,2.0
"61, rue Dunois",,75013.0,0.0,1.0,2.367048,48.832514,75013.0,75013,13,1.0,2.0
"146, avenue Félix Faure",,75015.0,0.0,1.0,2.279298,48.837349,75015.0,75015,15,1.0,2.0
"62, rue Lepic",,75018.0,0.0,1.0,2.333966,48.886937,75018.0,75018,18,1.0,2.0
"9/11, rue de la Plaine",,75020.0,0.0,1.0,2.400272,48.850003,75020.0,75020,20,1.0,2.0
"106, rue Compans",,75019.0,0.0,1.0,2.389772,48.880396,75019.0,75019,19,1.0,2.0
"13, rue Caillaux",Maison des Associations,75013.0,0.0,1.0,2.36113,48.822585,75013.0,75013,13,1.0,2.0
"70, rue Armand Carrel",,75019.0,0.0,1.0,2.373478,48.882999,75019.0,75019,19,1.0,2.0
"4, rue Keller",,75011.0,0.0,1.0,2.376853,48.853623,75011.0,75011,11,1.0,2.0
"9, rue des Alouettes",Ecole élémentaire Alouettes,75019.0,0.0,1.0,2.385354,48.877519,75019.0,75019,19,1.0,2.0
"156, avenue Jean Jaurès",Ecole élémentaire,75019.0,0.0,1.0,2.387708,48.887206,75019.0,75019,19,1.0,2.0
"14, rue du renard",,75004.0,0.0,1.0,2.352294,48.858908,75004.0,75004,4,1.0,2.0
"16, rue de Roquepine",,75008.0,0.0,1.0,2.318485,48.873349,75008.0,75008,8,1.0,2.0
"32, place Jeanne d'Arc",,75013.0,0.0,1.0,2.368114,48.83056,75013.0,75013,13,1.0,2.0
"32, rue Pali Kao",,75020.0,1.0,0.0,2.382195,48.870411,75020.0,75020,20,1.0,1.0
"71, rue de Richelieu",,75002.0,0.0,1.0,2.338158,48.868252,75002.0,75002,2,1.0,2.0
"12, rue Lobineau",Centre sportif Saint-Germain,75006.0,1.0,0.0,2.33594,48.851743,75006.0,75006,6,1.0,1.0
20 rue Edouard Pailleron,Maison des associations du 19ème,75019.0,0.0,1.0,2.376535,48.880402,75019.0,75019,19,1.0,2.0
"4, rue Lobau",,75004.0,0.0,1.0,2.353831,48.856578999999996,75004.0,75004,4,1.0,2.0
"15 bis, rue Buffon",Ecole maternelle Buffon,75005.0,1.0,0.0,2.361878,48.842548,75005.0,75005,5,1.0,1.0
"1, rue Jean Calvin",,75005.0,0.0,1.0,2.348999,48.841614,75005.0,75005,5,1.0,2.0
"93, rue d Alésia",,75014.0,0.0,1.0,2.325898,48.828016,75014.0,75014,14,1.0,2.0
"55/61, rue Maurice Ripoche",,75014.0,0.0,1.0,2.32257,48.833421,75014.0,75014,14,1.0,2.0
"11, boulevard de Grenelle",,75015.0,0.0,1.0,2.289652,48.853969,75015.0,75015,15,1.0,2.0
"32, boulevard des Maréchaux",,75016.0,0.0,1.0,2.271846,48.866988,75016.0,75016,16,1.0,2.0
"74, rue Mouffetard",Bibliothèque,75005.0,1.0,0.0,2.349672,48.842585,75005.0,75005,5,1.0,1.0
"4bis, avenue de Choisy",,75013.0,0.0,1.0,2.364644,48.820451,75013.0,75013,13,1.0,2.0
"15, rue des Bauches",,75016.0,0.0,1.0,2.273553,48.855983,75016.0,75016,16,1.0,2.0
"99, rue des Pyrénées",,75020.0,0.0,1.0,2.405215,48.855158,75020.0,75020,20,1.0,2.0
"79, avenue des Gobelins",,75013.0,0.0,1.0,2.353257,48.834719,75013.0,75013,13,1.0,2.0
"1, rue Rouvet",,75019.0,0.0,1.0,2.385131,48.893086,75019.0,75019,19,1.0,2.0
"1, rue du Général Camou",,75007.0,0.0,1.0,2.299853,48.858889,75007.0,75007,7,1.0,2.0
"28, rue du Général Foy",Panneau B,75008.0,0.0,1.0,2.317688,48.878822,75008.0,75008,8,1.0,2.0
16 rue de Marsoulan,Ecole - à gauche de l'entrée,75012.0,1.0,0.0,2.40334,48.846348,75012.0,75012,12,1.0,1.0
"253bis/253 ter, avenue Daumesnil",,75012.0,0.0,1.0,2.402889,48.837122,75012.0,75012,12,1.0,2.0
"1, avenue Boutroux",,75013.0,0.0,1.0,2.377618,48.822744,75013.0,75013,13,1.0,2.0
"4, rue Jourdain",,75020.0,0.0,1.0,2.389605,48.874518,75020.0,75020,20,1.0,2.0
"39 bis, rue Poliveau",Creche municipale,75005.0,1.0,0.0,2.357481,48.839807,75005.0,75005,5,1.0,1.0
"42, rue du Javelot",,75013.0,0.0,1.0,2.365472,48.824619,75013.0,75013,13,1.0,2.0
"37, avenue de la Bourdonnais",,75007.0,0.0,1.0,2.299265,48.85828,75007.0,75007,7,1.0,2.0
"13, rue du Général Guillaumat",,75015.0,0.0,1.0,2.29332,48.828027,75015.0,75015,15,1.0,2.0
"3, rue de la  Jussienne",,75002.0,0.0,1.0,2.344087,48.865292,75002.0,75002,2,1.0,2.0
"48, boulevard Jourdan",,75014.0,0.0,1.0,2.331066,48.822195,75014.0,75014,14,1.0,2.0
"64, rue Chardon Lagache",,75016.0,0.0,1.0,2.263925,48.842523,75016.0,75016,16,1.0,2.0
"11, rue d Argenteuil",,75001.0,0.0,1.0,2.333822,48.864893,75001.0,75001,1,1.0,2.0
"26, boulevard Bonne Nouvelle",Panneau B,75010.0,0.0,1.0,2.350113,48.870282,75010.0,75010,10,1.0,2.0
"39, rue Alexandre Dumas",Panneau A,75011.0,0.0,1.0,2.393242,48.853745,75011.0,75011,11,1.0,2.0
"14, rue Merlin",,75011.0,0.0,1.0,2.38589,48.859847,75011.0,75011,11,1.0,2.0
"9, rue Jean Rey",,75015.0,0.0,1.0,2.2910019999999998,48.855469,75015.0,75015,15,1.0,2.0
"19, rue Tristant Tzara",Bibliothèque Maurice Genevoix,75018.0,0.0,1.0,2.363866,48.89502,75018.0,75018,18,1.0,2.0
"12, rue des Amiraux",,75018.0,0.0,1.0,2.3513479999999998,48.894562,75018.0,75018,18,1.0,2.0
"10, rue Pierre Nicole",,75005.0,0.0,1.0,2.34061,48.842291,75005.0,75005,5,1.0,2.0
"130, boulevard de Clichy",Panneau B : face au 130,75009.0,0.0,1.0,2.334409,48.882984,75009.0,75009,9,1.0,2.0
"39, rue des Trois Bornes",,75011.0,0.0,1.0,2.374589,48.867344,75011.0,75011,11,1.0,2.0
"34, boulevard Carnot",,75012.0,0.0,1.0,2.4129300000000002,48.842109,75012.0,75012,12,1.0,2.0
"97, rue Ballard",,75015.0,0.0,1.0,2.2787,48.83755,75015.0,75015,15,1.0,2.0
"221, boulevard Pereire",,75017.0,0.0,1.0,2.289361,48.880446,75017.0,75017,17,1.0,2.0
"10, rue Vauquelin",,75005.0,0.0,1.0,2.347531,48.841234,75005.0,75005,5,1.0,2.0
"60, rue Saint andré des Arts",Maison des Associations,75006.0,1.0,0.0,2.339267,48.853577,75006.0,75006,6,1.0,1.0
"15, rue Lancry",,75010.0,0.0,1.0,2.360338,48.869561,75010.0,75010,10,1.0,2.0
"8 / 10, rue Balanchine",,75013.0,1.0,0.0,2.3735749999999998,48.836374,75013.0,75013,13,1.0,1.0
"20, rue Falguieres",,75015.0,0.0,1.0,2.316507,48.843104,75015.0,75015,15,1.0,2.0
"40, rue des Pyrénées",,75020.0,0.0,1.0,2.406499,48.850917,75020.0,75020,20,1.0,2.0
"60, boulevard Lannes",,75016.0,0.0,1.0,2.26978,48.864574,75016.0,75016,16,1.0,2.0
"26, boulevard Bonne Nouvelle",Panneau A,75010.0,0.0,1.0,2.350113,48.870282,75010.0,75010,10,1.0,2.0
"9, rue Tandou",Ecole élémentaire,75019.0,0.0,1.0,2.37918,48.886,75019.0,75019,19,1.0,2.0
"28, avenue Rapp",,75007.0,0.0,1.0,2.300202,48.858623,75007.0,75007,7,1.0,2.0
"7, rue Duranti",,75011.0,0.0,1.0,2.3842689999999997,48.86105,75011.0,75011,11,1.0,2.0
"166, rue Pelleport",,75020.0,1.0,0.0,2.397987,48.873377,75020.0,75020,20,1.0,1.0
"12, rue Foucroy",,75017.0,0.0,1.0,2.296597,48.880462,75017.0,75017,17,1.0,2.0
"31, rue Joseph de Maistre",,75018.0,0.0,1.0,2.330619,48.891854,75018.0,75018,18,1.0,2.0
"12-16, rue de la Moselle",,75019.0,0.0,1.0,2.37628,48.885108,75019.0,75019,19,1.0,2.0
"7, rue du Jardinet",Ecole élémentaire,75006.0,1.0,0.0,2.339941,48.852692,75006.0,75006,6,1.0,1.0
"4bis, rue de la Présentation",,75011.0,0.0,1.0,2.377182,48.870885,75011.0,75011,11,1.0,2.0
84 Rue de la Mare,,75020.0,0.0,1.0,2.389293,48.873093,75020.0,75020,20,1.0,2.0
Place Pinel,Entrée du Square,75013.0,1.0,0.0,2.361549,48.833497,75013.0,75013,13,1.0,1.0
"12, rue Saint-Benoît",Groupe scolaire,75006.0,1.0,0.0,2.3331049999999998,48.855128,75006.0,75006,6,1.0,1.0
"9, rue de Vaugirard",Ecole élémentaire,75006.0,1.0,0.0,2.339836,48.848922,75006.0,75006,6,1.0,1.0
"70, avenue Daumesnil",,75012.0,0.0,1.0,2.380336,48.844704,75012.0,75012,12,1.0,2.0
"17, rue Sorbier",,75020.0,0.0,1.0,2.392419,48.866162,75020.0,75020,20,1.0,2.0
"7, rue Bretonneau",,75020.0,0.0,1.0,2.4031700000000003,48.86769,75020.0,75020,20,1.0,2.0
"39, rue Alexandre Dumas",Panneau B,75011.0,0.0,1.0,2.393242,48.853745,75011.0,75011,11,1.0,2.0
"19, rue Boissonnade",,75014.0,0.0,1.0,2.332875,48.838886,75014.0,75014,14,1.0,2.0
"2, rue Japy",,75011.0,0.0,1.0,2.38245,48.855874,75011.0,75011,11,1.0,2.0
"9, rue Franc Nohain",,75013.0,0.0,1.0,2.375173,48.821395,75013.0,75013,13,1.0,2.0
"21/23, avenue de Saint Ouen",,75017.0,0.0,1.0,2.325925,48.889046,75017.0,75017,17,1.0,2.0
"38, rue des Orteaux",,75020.0,0.0,1.0,2.401315,48.856603,75020.0,75020,20,1.0,2.0
"15, rue de Monceau",,75008.0,0.0,1.0,2.307069,48.875864,75008.0,75008,8,1.0,2.0
"107, boulevard Voltaire",,75011.0,0.0,1.0,2.379116,48.85859,75011.0,75011,11,1.0,2.0
"6, rue Baptiste Renard",Face au 6,75013.0,0.0,1.0,2.366809,48.828093,75013.0,75013,13,1.0,2.0
"12, rue Saint Benoit",,75006.0,0.0,1.0,2.3331049999999998,48.855128,75006.0,75006,6,1.0,2.0
"76, boulevard Berthier",,75017.0,0.0,1.0,2.304479,48.890553,75017.0,75017,17,1.0,2.0
"31, rue Pierre Semard",Panneau B,75009.0,0.0,1.0,2.348291,48.879105,75009.0,75009,9,1.0,2.0
"46, rue Jenner",,75013.0,0.0,1.0,2.360667,48.836123,75013.0,75013,13,1.0,2.0
"14-18, avenue Georges Lafenestre",,75014.0,0.0,1.0,2.311657,48.825299,75014.0,75014,14,1.0,2.0
"27, rue Las Casés",,75007.0,0.0,1.0,2.31858,48.858981,75007.0,75007,7,1.0,2.0
"39, rue des Cordelières",,75013.0,0.0,1.0,2.348657,48.834253,75013.0,75013,13,1.0,2.0
"7, rue Barbanègre","école élémentaire, Panneau B",75019.0,0.0,1.0,2.382858,48.892135,75019.0,75019,19,1.0,2.0
"27, rue de Poissy",,75005.0,0.0,1.0,2.352272,48.848586,75005.0,75005,5,1.0,2.0
"49, rue Legendre",,75017.0,0.0,1.0,2.315958,48.885248,75017.0,75017,17,1.0,2.0
"9, rue Jomard",Ecole élémentaire,75019.0,0.0,1.0,2.379576,48.88971,75019.0,75019,19,1.0,2.0
"109, rue des Amandiers",,75020.0,0.0,1.0,2.388636,48.867739,75020.0,75020,20,1.0,2.0
"28, rue Cambon",,75001.0,0.0,1.0,2.32685,48.868105,75001.0,75001,1,1.0,2.0
"5/7, rue Neuve Saint Pierre",,75004.0,0.0,1.0,2.363512,48.853665,75004.0,75004,4,1.0,2.0
"10, rue Paul Baudry",,75008.0,0.0,1.0,2.307394,48.87234,75008.0,75008,8,1.0,2.0
"3, rue des Caillaux",,75013.0,0.0,1.0,2.362127,48.822875,75013.0,75013,13,1.0,2.0
"20-24, avenue Georges Lafenestre",,75014.0,0.0,1.0,2.311657,48.825299,75014.0,75014,14,1.0,2.0
"66, rue Olivier de Serres",,75015.0,0.0,1.0,2.294959,48.833817,75015.0,75015,15,1.0,2.0
"1, rue Vauvenargues",,75018.0,0.0,1.0,2.33465,48.891898,75018.0,75018,18,1.0,2.0
"5, rue Pierre Bullet",,75010.0,0.0,1.0,2.358068,48.871589,75010.0,75010,10,1.0,2.0
"26, avenue du Général Sarail",,75016.0,0.0,1.0,2.2549200000000003,48.843724,75016.0,75016,16,1.0,2.0
"11-13, rue Jacques Kellner",,75017.0,0.0,1.0,2.32429,48.897262,75017.0,75017,17,1.0,2.0
"103, avenue Gambetta",,75020.0,0.0,1.0,2.399962,48.866818,75020.0,75020,20,1.0,2.0
66/72 avenue Philippe Auguste,,75011.0,0.0,1.0,2.3925359999999998,48.854201,75011.0,75011,11,1.0,2.0
"6, rue de Cotte",,75012.0,0.0,1.0,2.377656,48.849445,75012.0,75012,12,1.0,2.0
"22, boulevard Poissonnière",Panneau B,75009.0,0.0,1.0,2.345109,48.871326,75009.0,75009,9,1.0,2.0
"11, rue Lahire",,75013.0,0.0,1.0,2.366395,48.829663,75013.0,75013,13,1.0,2.0
"122-130, rue d Aubervilliers",,75019.0,0.0,1.0,2.369341,48.891869,75019.0,75019,19,1.0,2.0
20 rue de la Brèche aux loups,Collège Jules Vernes - à gauche de l'entrée,75012.0,1.0,0.0,2.39417,48.837543,75012.0,75012,12,1.0,1.0
"28, rue andré Brechet",,75017.0,0.0,1.0,2.324894,48.898947,75017.0,75017,17,1.0,2.0
"16, rue du Colonel Moll",,75017.0,0.0,1.0,2.290012,48.878088,75017.0,75017,17,1.0,2.0
