hex_id,lat,lon,opportunity_score,opportunity_category,bike_records,pedestrian_zones,total_panels,activity_score,infrastructure_gap,zone_quality,rush_hour_ratio,opportunity_rank,has_infrastructure
hex_1_16,48.81933,2.3487499999999977,0.63,High,0.0,1.0,0.0,0.325,1.0,1.0,0.0,28.5,0
hex_1_17,48.81933,2.3562499999999975,0.65,High,0.0,3.0,0.0,0.375,1.0,1.0,0.0,5.5,0
hex_1_18,48.81933,2.3637499999999974,0.51,Medium,0.0,1.0,2.0,0.325,0.6,1.0,0.0,94.0,1
hex_2_10,48.823660000000004,2.3074999999999983,0.25,Low,0.0,1.0,1.0,0.024999999999999998,0.8,0.0,0.0,213.5,1
hex_2_13,48.823660000000004,2.329999999999998,0.5700000000000001,Medium,0.0,1.0,1.0,0.325,0.8,1.0,0.0,64.0,1
hex_2_15,48.823660000000004,2.3449999999999975,0.25,Low,0.0,1.0,1.0,0.024999999999999998,0.8,0.0,0.0,213.5,1
hex_2_16,48.823660000000004,2.3524999999999974,0.5700000000000001,Medium,0.0,1.0,1.0,0.325,0.8,1.0,0.0,64.0,1
hex_2_17,48.823660000000004,2.359999999999997,0.19999999999999998,Very Low,0.0,2.0,2.0,0.049999999999999996,0.6,0.0,0.0,219.5,1
hex_2_18,48.823660000000004,2.367499999999997,0.38,Low,0.0,4.0,2.0,0.25,0.6,0.5,0.0,148.0,1
hex_2_25,48.823660000000004,2.419999999999996,0.63,High,0.0,1.0,0.0,0.325,1.0,1.0,0.0,28.5,0
hex_3_10,48.82799000000001,2.3037499999999986,0.31,Low,0.0,1.0,0.0,0.024999999999999998,1.0,0.0,0.0,187.0,0
hex_3_11,48.82799000000001,2.3112499999999985,0.51,Medium,0.0,1.0,2.0,0.325,0.6,1.0,0.0,94.0,1
hex_3_14,48.82799000000001,2.333749999999998,0.5700000000000001,Medium,0.0,1.0,1.0,0.325,0.8,1.0,0.0,64.0,1
hex_3_16,48.82799000000001,2.3487499999999977,0.5800000000000001,Medium,0.0,2.0,1.0,0.35,0.8,1.0,0.0,51.0,1
hex_3_17,48.82799000000001,2.3562499999999975,0.3,Low,0.0,4.0,2.0,0.175,0.6,0.25,0.0,201.0,1
hex_3_18,48.82799000000001,2.3637499999999974,0.52,Medium,0.0,2.0,2.0,0.35,0.6,1.0,0.0,86.0,1
hex_3_19,48.82799000000001,2.371249999999997,0.5433333333333333,Medium,0.0,3.0,0.0,0.27499999999999997,1.0,0.6666666666666666,0.0,77.0,0
hex_3_20,48.82799000000001,2.378749999999997,0.6399999999999999,High,0.0,2.0,0.0,0.35,1.0,1.0,0.0,12.5,0
hex_3_25,48.82799000000001,2.4162499999999962,0.63,High,0.0,1.0,0.0,0.325,1.0,1.0,0.0,28.5,0
hex_4_8,48.83232000000001,2.2924999999999986,0.5700000000000001,Medium,0.0,1.0,1.0,0.325,0.8,1.0,0.0,64.0,1
hex_4_11,48.83232000000001,2.314999999999998,0.354,Low,0.0,5.0,1.0,0.185,0.8,0.2,0.0,162.5,1
hex_4_12,48.83232000000001,2.322499999999998,0.31666666666666665,Low,0.0,3.0,2.0,0.175,0.6,0.3333333333333333,0.0,174.0,1
hex_4_13,48.83232000000001,2.329999999999998,0.5433333333333333,Medium,0.0,3.0,0.0,0.27499999999999997,1.0,0.6666666666666666,0.0,77.0,0
hex_4_15,48.83232000000001,2.3449999999999975,0.5800000000000001,Medium,0.0,2.0,1.0,0.35,0.8,1.0,0.0,51.0,1
hex_4_16,48.83232000000001,2.3524999999999974,0.37666666666666665,Low,0.0,3.0,1.0,0.175,0.8,0.3333333333333333,0.0,152.0,1
hex_4_17,48.83232000000001,2.359999999999997,0.5800000000000001,Medium,0.0,2.0,1.0,0.35,0.8,1.0,0.0,51.0,1
hex_4_18,48.83232000000001,2.367499999999997,0.39999999999999997,Low,0.0,2.0,4.0,0.35,0.19999999999999996,1.0,0.0,143.0,1
hex_4_19,48.83232000000001,2.374999999999997,0.6266666666666667,High,0.0,6.0,0.0,0.4,1.0,0.8333333333333334,0.0,41.0,0
hex_4_20,48.83232000000001,2.3824999999999967,0.63,High,0.0,1.0,0.0,0.325,1.0,1.0,0.0,28.5,0
hex_4_21,48.83232000000001,2.3899999999999966,0.63,High,0.0,1.0,0.0,0.325,1.0,1.0,0.0,28.5,0
hex_4_22,48.83232000000001,2.3974999999999964,0.45,Medium,0.0,1.0,3.0,0.325,0.4,1.0,0.0,120.0,1
hex_4_24,48.83232000000001,2.412499999999996,0.63,High,0.0,1.0,0.0,0.325,1.0,1.0,0.0,28.5,0
hex_5_5,48.83665000000001,2.2662499999999994,0.5700000000000001,Medium,0.0,1.0,1.0,0.325,0.8,1.0,0.0,64.0,1
hex_5_10,48.83665000000001,2.3037499999999986,0.31,Low,0.0,1.0,0.0,0.024999999999999998,1.0,0.0,0.0,187.0,0
hex_5_11,48.83665000000001,2.3112499999999985,0.31,Low,0.0,1.0,0.0,0.024999999999999998,1.0,0.0,0.0,187.0,0
hex_5_12,48.83665000000001,2.3187499999999983,0.35333333333333333,Low,0.0,6.0,1.0,0.19999999999999998,0.8,0.16666666666666666,0.0,164.0,1
hex_5_14,48.83665000000001,2.333749999999998,0.4107954548995535,Medium,3228.0,0.0,1.0,0.3607711651299246,0.8,0.0,0.2648698884758364,141.0,1
hex_5_16,48.83665000000001,2.3487499999999977,0.4833333333333333,Medium,0.0,3.0,1.0,0.27499999999999997,0.8,0.6666666666666666,0.0,103.5,1
hex_5_17,48.83665000000001,2.3562499999999975,0.6399999999999999,High,0.0,2.0,0.0,0.35,1.0,1.0,0.0,12.5,0
hex_5_19,48.83665000000001,2.371249999999997,0.6144444444444445,High,0.0,9.0,1.0,0.49166666666666664,0.8,0.8888888888888888,0.0,42.0,1
hex_5_20,48.83665000000001,2.378749999999997,0.32,Low,0.0,2.0,0.0,0.049999999999999996,1.0,0.0,0.0,169.5,0
hex_5_21,48.83665000000001,2.386249999999997,0.55,Medium,0.0,5.0,2.0,0.425,0.6,1.0,0.0,74.0,1
hex_5_22,48.83665000000001,2.3937499999999967,0.51,Medium,0.0,1.0,2.0,0.325,0.6,1.0,0.0,94.0,1
hex_5_24,48.83665000000001,2.4087499999999964,0.63,High,0.0,1.0,0.0,0.325,1.0,1.0,0.0,28.5,0
hex_6_3,48.840980000000016,2.2549999999999994,0.5700000000000001,Medium,0.0,1.0,1.0,0.325,0.8,1.0,0.0,64.0,1
hex_6_4,48.840980000000016,2.2624999999999993,0.46,Medium,0.0,2.0,3.0,0.35,0.4,1.0,0.0,116.0,1
hex_6_6,48.840980000000016,2.277499999999999,0.41333333333333333,Medium,0.0,6.0,0.0,0.19999999999999998,1.0,0.16666666666666666,0.0,140.0,0
hex_6_7,48.840980000000016,2.284999999999999,0.542,Medium,0.0,5.0,0.0,0.305,1.0,0.6,0.0,80.5,0
hex_6_9,48.840980000000016,2.2999999999999985,0.5,Medium,0.0,4.0,0.0,0.25,1.0,0.5,0.0,99.5,0
hex_6_12,48.840980000000016,2.322499999999998,0.63,High,0.0,1.0,0.0,0.325,1.0,1.0,0.0,28.5,0
hex_6_13,48.840980000000016,2.329999999999998,0.5800000000000001,Medium,0.0,2.0,1.0,0.35,0.8,1.0,0.0,51.0,1
hex_6_15,48.840980000000016,2.3449999999999975,0.6000000000000001,High,0.0,4.0,1.0,0.39999999999999997,0.8,1.0,0.0,43.5,1
hex_6_16,48.840980000000016,2.3524999999999974,0.52,Medium,0.0,8.0,3.0,0.5,0.4,1.0,0.0,86.0,1
hex_6_18,48.840980000000016,2.367499999999997,0.48,Medium,0.0,2.0,0.0,0.19999999999999998,1.0,0.5,0.0,110.0,0
hex_6_20,48.840980000000016,2.3824999999999967,0.6462683682094118,High,3193.0,5.0,0.0,0.6018594579491479,1.0,0.4,0.25524585029752583,8.0,0
hex_6_21,48.840980000000016,2.3899999999999966,0.482,Medium,0.0,5.0,1.0,0.305,0.8,0.6,0.0,105.0,1
hex_6_22,48.840980000000016,2.3974999999999964,0.5700000000000001,Medium,0.0,1.0,1.0,0.325,0.8,1.0,0.0,64.0,1
hex_6_23,48.840980000000016,2.4049999999999963,0.5700000000000001,Medium,0.0,1.0,1.0,0.325,0.8,1.0,0.0,64.0,1
hex_6_24,48.840980000000016,2.412499999999996,0.13,Very Low,0.0,1.0,3.0,0.024999999999999998,0.4,0.0,0.0,227.5,1
hex_6_25,48.840980000000016,2.419999999999996,0.63,High,0.0,1.0,0.0,0.325,1.0,1.0,0.0,28.5,0
hex_7_7,48.84531000000002,2.281249999999999,0.48,Medium,0.0,2.0,0.0,0.19999999999999998,1.0,0.5,0.0,110.0,0
hex_7_8,48.84531000000002,2.288749999999999,0.31,Low,0.0,1.0,0.0,0.024999999999999998,1.0,0.0,0.0,187.0,0
hex_7_10,48.84531000000002,2.3037499999999986,0.31,Low,0.0,1.0,0.0,0.024999999999999998,1.0,0.0,0.0,187.0,0
hex_7_11,48.84531000000002,2.3112499999999985,0.31,Low,0.0,1.0,0.0,0.024999999999999998,1.0,0.0,0.0,187.0,0
hex_7_15,48.84531000000002,2.341249999999998,0.5700000000000001,Medium,0.0,1.0,1.0,0.325,0.8,1.0,0.0,64.0,1
hex_7_16,48.84531000000002,2.3487499999999977,0.486,Medium,0.0,5.0,2.0,0.365,0.6,0.8,0.0,102.0,1
hex_7_19,48.84531000000002,2.371249999999997,0.48,Medium,0.0,2.0,0.0,0.19999999999999998,1.0,0.5,0.0,110.0,0
hex_7_20,48.84531000000002,2.378749999999997,0.704224643755239,High,3579.0,4.0,1.0,0.725,0.8,0.75,0.24224643755238895,1.0,1
hex_7_21,48.84531000000002,2.386249999999997,0.41400000000000003,Medium,0.0,5.0,0.0,0.185,1.0,0.2,0.0,138.5,0
hex_7_22,48.84531000000002,2.3937499999999967,0.6399999999999999,High,0.0,2.0,0.0,0.35,1.0,1.0,0.0,12.5,0
hex_7_24,48.84531000000002,2.4087499999999964,0.48,Medium,0.0,2.0,0.0,0.19999999999999998,1.0,0.5,0.0,110.0,0
hex_8_5,48.84964000000002,2.269999999999999,0.52,Medium,0.0,2.0,2.0,0.35,0.6,1.0,0.0,86.0,1
hex_8_6,48.84964000000002,2.277499999999999,0.32999999999999996,Low,0.0,3.0,0.0,0.075,1.0,0.0,0.0,165.5,0
hex_8_7,48.84964000000002,2.284999999999999,0.36,Low,0.0,2.0,2.0,0.19999999999999998,0.6,0.5,0.0,158.5,1
hex_8_8,48.84964000000002,2.2924999999999986,0.31,Low,0.0,1.0,0.0,0.024999999999999998,1.0,0.0,0.0,187.0,0
hex_8_9,48.84964000000002,2.2999999999999985,0.63,High,0.0,1.0,0.0,0.325,1.0,1.0,0.0,28.5,0
hex_8_11,48.84964000000002,2.314999999999998,0.63,High,0.0,1.0,0.0,0.325,1.0,1.0,0.0,28.5,0
hex_8_14,48.84964000000002,2.3374999999999977,0.19,Very Low,0.0,1.0,2.0,0.024999999999999998,0.6,0.0,0.0,222.0,1
hex_8_15,48.84964000000002,2.3449999999999975,0.44,Medium,0.0,8.0,1.0,0.3125,0.8,0.375,0.0,122.5,1
hex_8_16,48.84964000000002,2.3524999999999974,0.5133333333333333,Medium,0.0,6.0,1.0,0.35,0.8,0.6666666666666666,0.0,89.0,1
hex_8_17,48.84964000000002,2.359999999999997,0.65,High,0.0,3.0,0.0,0.375,1.0,1.0,0.0,5.5,0
hex_8_19,48.84964000000002,2.374999999999997,0.3633333333333333,Low,0.0,3.0,3.0,0.27499999999999997,0.4,0.6666666666666666,0.0,155.0,1
hex_8_20,48.84964000000002,2.3824999999999967,0.44,Medium,0.0,8.0,1.0,0.3125,0.8,0.375,0.0,122.5,1
hex_8_22,48.84964000000002,2.3974999999999964,0.5900000000000001,Medium,0.0,3.0,1.0,0.375,0.8,1.0,0.0,46.5,1
hex_8_23,48.84964000000002,2.4049999999999963,0.19,Very Low,0.0,1.0,2.0,0.024999999999999998,0.6,0.0,0.0,222.0,1
hex_9_1,48.853970000000025,2.23625,0.63,High,0.0,1.0,0.0,0.325,1.0,1.0,0.0,28.5,0
hex_9_4,48.853970000000025,2.2587499999999996,0.6399999999999999,High,0.0,2.0,0.0,0.35,1.0,1.0,0.0,12.5,0
hex_9_5,48.853970000000025,2.2662499999999994,0.31,Low,0.0,1.0,0.0,0.024999999999999998,1.0,0.0,0.0,187.0,0
hex_9_6,48.853970000000025,2.2737499999999993,0.5800000000000001,Medium,0.0,2.0,1.0,0.35,0.8,1.0,0.0,51.0,1
hex_9_7,48.853970000000025,2.281249999999999,0.63,High,0.0,1.0,0.0,0.325,1.0,1.0,0.0,28.5,0
hex_9_8,48.853970000000025,2.288749999999999,0.13,Very Low,0.0,1.0,3.0,0.024999999999999998,0.4,0.0,0.0,227.5,1
hex_9_13,48.853970000000025,2.326249999999998,0.31,Low,0.0,1.0,0.0,0.024999999999999998,1.0,0.0,0.0,187.0,0
hex_9_14,48.853970000000025,2.333749999999998,0.3,Low,0.0,4.0,2.0,0.175,0.6,0.25,0.0,201.0,1
hex_9_15,48.853970000000025,2.341249999999998,0.16,Very Low,0.0,4.0,3.0,0.09999999999999999,0.4,0.0,0.0,225.0,1
hex_9_16,48.853970000000025,2.3487499999999977,0.4,Low,0.0,10.0,0.0,0.25,1.0,0.0,0.0,142.0,0
hex_9_17,48.853970000000025,2.3562499999999975,0.45333333333333325,Medium,0.0,6.0,2.0,0.35,0.6,0.6666666666666666,0.0,118.0,1
hex_9_18,48.853970000000025,2.3637499999999974,0.43285714285714283,Medium,0.0,7.0,2.0,0.3464285714285714,0.6,0.5714285714285714,0.0,128.0,1
hex_9_19,48.853970000000025,2.371249999999997,0.63,High,0.0,1.0,0.0,0.325,1.0,1.0,0.0,28.5,0
hex_9_22,48.853970000000025,2.3937499999999967,0.39,Low,0.0,1.0,4.0,0.325,0.19999999999999996,1.0,0.0,145.5,1
hex_9_23,48.853970000000025,2.4012499999999966,0.3,Low,0.0,4.0,2.0,0.175,0.6,0.25,0.0,201.0,1
hex_9_24,48.853970000000025,2.4087499999999964,0.31666666666666665,Low,0.0,3.0,2.0,0.175,0.6,0.3333333333333333,0.0,174.0,1
hex_10_4,48.85830000000003,2.2624999999999993,0.32,Low,0.0,2.0,0.0,0.049999999999999996,1.0,0.0,0.0,169.5,0
hex_10_5,48.85830000000003,2.269999999999999,0.31,Low,0.0,1.0,0.0,0.024999999999999998,1.0,0.0,0.0,187.0,0
hex_10_6,48.85830000000003,2.277499999999999,0.31,Low,0.0,1.0,0.0,0.024999999999999998,1.0,0.0,0.0,187.0,0
hex_10_7,48.85830000000003,2.284999999999999,0.63,High,0.0,1.0,0.0,0.325,1.0,1.0,0.0,28.5,0
hex_10_8,48.85830000000003,2.2924999999999986,0.31,Low,0.0,1.0,0.0,0.024999999999999998,1.0,0.0,0.0,187.0,0
hex_10_10,48.85830000000003,2.3074999999999983,0.37666666666666665,Low,0.0,3.0,1.0,0.175,0.8,0.3333333333333333,0.0,152.0,1
hex_10_12,48.85830000000003,2.322499999999998,0.48,Medium,0.0,2.0,0.0,0.19999999999999998,1.0,0.5,0.0,110.0,0
hex_10_14,48.85830000000003,2.3374999999999977,0.63,High,0.0,1.0,0.0,0.325,1.0,1.0,0.0,28.5,0
hex_10_15,48.85830000000003,2.3449999999999975,0.6866666666666668,High,0.0,12.0,0.0,0.55,1.0,0.8333333333333334,0.0,2.0,0
hex_10_16,48.85830000000003,2.3524999999999974,0.5700000000000001,Medium,0.0,7.0,2.0,0.475,0.6,1.0,0.0,64.0,1
hex_10_17,48.85830000000003,2.359999999999997,0.4157142857142857,Medium,0.0,7.0,0.0,0.21785714285714286,1.0,0.14285714285714285,0.0,137.0,0
hex_10_18,48.85830000000003,2.367499999999997,0.41400000000000003,Medium,0.0,5.0,0.0,0.185,1.0,0.2,0.0,138.5,0
hex_10_20,48.85830000000003,2.3824999999999967,0.18,Very Low,0.0,4.0,4.0,0.175,0.19999999999999996,0.25,0.0,224.0,1
hex_10_21,48.85830000000003,2.3899999999999966,0.5700000000000001,Medium,0.0,1.0,1.0,0.325,0.8,1.0,0.0,64.0,1
hex_10_22,48.85830000000003,2.3974999999999964,0.43999999999999995,Medium,0.0,4.0,1.0,0.25,0.8,0.5,0.0,125.0,1
hex_10_23,48.85830000000003,2.4049999999999963,0.418,Medium,0.0,5.0,1.0,0.245,0.8,0.4,0.0,135.0,1
hex_10_24,48.85830000000003,2.412499999999996,0.51,Medium,0.0,1.0,2.0,0.325,0.6,1.0,0.0,94.0,1
hex_11_5,48.86263000000003,2.2662499999999994,0.31,Low,0.0,1.0,0.0,0.024999999999999998,1.0,0.0,0.0,187.0,0
hex_11_7,48.86263000000003,2.281249999999999,0.63,High,0.0,1.0,0.0,0.325,1.0,1.0,0.0,28.5,0
hex_11_8,48.86263000000003,2.288749999999999,0.31,Low,0.0,1.0,0.0,0.024999999999999998,1.0,0.0,0.0,187.0,0
hex_11_10,48.86263000000003,2.3037499999999986,0.31,Low,0.0,1.0,0.0,0.024999999999999998,1.0,0.0,0.0,187.0,0
hex_11_11,48.86263000000003,2.3112499999999985,0.32,Low,0.0,2.0,0.0,0.049999999999999996,1.0,0.0,0.0,169.5,0
hex_11_12,48.86263000000003,2.3187499999999983,0.32,Low,0.0,2.0,0.0,0.049999999999999996,1.0,0.0,0.0,169.5,0
hex_11_13,48.86263000000003,2.326249999999998,0.48,Medium,0.0,2.0,0.0,0.19999999999999998,1.0,0.5,0.0,110.0,0
hex_11_14,48.86263000000003,2.333749999999998,0.25,Low,0.0,1.0,1.0,0.024999999999999998,0.8,0.0,0.0,213.5,1
hex_11_15,48.86263000000003,2.341249999999998,0.45999999999999996,Medium,0.0,6.0,1.0,0.3,0.8,0.5,0.0,117.0,1
hex_11_16,48.86263000000003,2.3487499999999977,0.5900000000000001,Medium,0.0,3.0,1.0,0.375,0.8,1.0,0.0,46.5,1
hex_11_17,48.86263000000003,2.3562499999999975,0.31666666666666665,Low,0.0,3.0,2.0,0.175,0.6,0.3333333333333333,0.0,174.0,1
hex_11_18,48.86263000000003,2.3637499999999974,0.5,Medium,0.0,4.0,0.0,0.25,1.0,0.5,0.0,99.5,0
hex_11_19,48.86263000000003,2.371249999999997,0.53,Medium,0.0,3.0,2.0,0.375,0.6,1.0,0.0,83.0,1
hex_11_20,48.86263000000003,2.378749999999997,0.5433333333333333,Medium,0.0,3.0,0.0,0.27499999999999997,1.0,0.6666666666666666,0.0,77.0,0
hex_11_21,48.86263000000003,2.386249999999997,0.13999999999999999,Very Low,0.0,2.0,3.0,0.049999999999999996,0.4,0.0,0.0,226.0,1
hex_11_22,48.86263000000003,2.3937499999999967,0.42000000000000004,Medium,0.0,2.0,1.0,0.19999999999999998,0.8,0.5,0.0,130.0,1
hex_11_23,48.86263000000003,2.4012499999999966,0.5900000000000001,Medium,0.0,3.0,1.0,0.375,0.8,1.0,0.0,46.5,1
hex_12_5,48.866960000000034,2.269999999999999,0.19,Very Low,0.0,1.0,2.0,0.024999999999999998,0.6,0.0,0.0,222.0,1
hex_12_6,48.866960000000034,2.277499999999999,0.63,High,0.0,1.0,0.0,0.325,1.0,1.0,0.0,28.5,0
hex_12_12,48.866960000000034,2.322499999999998,0.31,Low,0.0,1.0,0.0,0.024999999999999998,1.0,0.0,0.0,187.0,0
hex_12_13,48.866960000000034,2.329999999999998,0.43666666666666665,Medium,0.0,3.0,0.0,0.175,1.0,0.3333333333333333,0.0,127.0,0
hex_12_14,48.866960000000034,2.3374999999999977,0.36,Low,0.0,4.0,1.0,0.175,0.8,0.25,0.0,158.5,1
hex_12_15,48.866960000000034,2.3449999999999975,0.43999999999999995,Medium,0.0,4.0,1.0,0.25,0.8,0.5,0.0,125.0,1
hex_12_16,48.866960000000034,2.3524999999999974,0.46142857142857147,Medium,0.0,7.0,0.0,0.26071428571428573,1.0,0.2857142857142857,0.0,115.0,0
hex_12_18,48.866960000000034,2.367499999999997,0.65,High,0.0,3.0,0.0,0.375,1.0,1.0,0.0,5.5,0
hex_12_19,48.866960000000034,2.374999999999997,0.37666666666666665,Low,0.0,3.0,1.0,0.175,0.8,0.3333333333333333,0.0,152.0,1
hex_12_20,48.866960000000034,2.3824999999999967,0.5700000000000001,Medium,0.0,1.0,1.0,0.325,0.8,1.0,0.0,64.0,1
hex_12_21,48.866960000000034,2.3899999999999966,0.11333333333333334,Very Low,0.0,6.0,5.0,0.19999999999999998,0.0,0.16666666666666666,0.0,229.0,1
hex_12_22,48.866960000000034,2.3974999999999964,0.4928571428571428,Medium,0.0,7.0,1.0,0.3464285714285714,0.8,0.5714285714285714,0.0,101.0,1
hex_12_23,48.866960000000034,2.4049999999999963,0.5385714285714286,Medium,0.0,7.0,1.0,0.3892857142857143,0.8,0.7142857142857143,0.0,82.0,1
hex_12_24,48.866960000000034,2.412499999999996,0.6399999999999999,High,0.0,2.0,0.0,0.35,1.0,1.0,0.0,12.5,0
hex_13_6,48.87129000000004,2.2737499999999993,0.31,Low,0.0,1.0,0.0,0.024999999999999998,1.0,0.0,0.0,187.0,0
hex_13_8,48.87129000000004,2.288749999999999,0.48,Medium,0.0,2.0,0.0,0.19999999999999998,1.0,0.5,0.0,110.0,0
hex_13_10,48.87129000000004,2.3037499999999986,0.31,Low,0.0,1.0,0.0,0.024999999999999998,1.0,0.0,0.0,187.0,0
hex_13_14,48.87129000000004,2.333749999999998,0.6399999999999999,High,0.0,2.0,0.0,0.35,1.0,1.0,0.0,12.5,0
hex_13_15,48.87129000000004,2.341249999999998,0.37666666666666665,Low,0.0,3.0,1.0,0.175,0.8,0.3333333333333333,0.0,152.0,1
hex_13_16,48.87129000000004,2.3487499999999977,0.06999999999999998,Very Low,0.0,1.0,4.0,0.024999999999999998,0.19999999999999996,0.0,0.0,232.0,1
hex_13_17,48.87129000000004,2.3562499999999975,0.29400000000000004,Low,0.0,5.0,2.0,0.185,0.6,0.2,0.0,203.0,1
hex_13_18,48.87129000000004,2.3637499999999974,0.29,Low,0.0,5.0,1.0,0.125,0.8,0.0,0.0,204.0,1
hex_13_19,48.87129000000004,2.371249999999997,0.5700000000000001,Medium,0.0,1.0,1.0,0.325,0.8,1.0,0.0,64.0,1
hex_13_20,48.87129000000004,2.378749999999997,0.3933333333333333,Low,0.0,6.0,3.0,0.35,0.4,0.6666666666666666,0.0,144.0,1
hex_13_21,48.87129000000004,2.386249999999997,0.418,Medium,0.0,5.0,1.0,0.245,0.8,0.4,0.0,135.0,1
hex_13_22,48.87129000000004,2.3937499999999967,0.19999999999999998,Very Low,0.0,2.0,2.0,0.049999999999999996,0.6,0.0,0.0,219.5,1
hex_13_23,48.87129000000004,2.4012499999999966,0.6000000000000001,High,0.0,4.0,1.0,0.39999999999999997,0.8,1.0,0.0,43.5,1
hex_13_24,48.87129000000004,2.4087499999999964,0.51,Medium,0.0,1.0,2.0,0.325,0.6,1.0,0.0,94.0,1
hex_14_8,48.87562000000004,2.2924999999999986,0.31,Low,0.0,1.0,0.0,0.024999999999999998,1.0,0.0,0.0,187.0,0
hex_14_10,48.87562000000004,2.3074999999999983,0.51,Medium,0.0,1.0,2.0,0.325,0.6,1.0,0.0,94.0,1
hex_14_12,48.87562000000004,2.322499999999998,0.6399999999999999,High,0.0,2.0,0.0,0.35,1.0,1.0,0.0,12.5,0
hex_14_13,48.87562000000004,2.329999999999998,0.42,Medium,0.0,4.0,0.0,0.175,1.0,0.25,0.0,132.5,0
hex_14_14,48.87562000000004,2.3374999999999977,0.58,Medium,0.0,4.0,0.0,0.32499999999999996,1.0,0.75,0.0,54.5,0
hex_14_15,48.87562000000004,2.3449999999999975,0.542,Medium,0.0,5.0,0.0,0.305,1.0,0.6,0.0,80.5,0
hex_14_16,48.87562000000004,2.3524999999999974,0.63,High,0.0,1.0,0.0,0.325,1.0,1.0,0.0,28.5,0
hex_14_17,48.87562000000004,2.359999999999997,0.354,Low,0.0,5.0,1.0,0.185,0.8,0.2,0.0,162.5,1
hex_14_18,48.87562000000004,2.367499999999997,0.26,Low,0.0,2.0,1.0,0.049999999999999996,0.8,0.0,0.0,208.5,1
hex_14_19,48.87562000000004,2.374999999999997,0.26,Low,0.0,2.0,1.0,0.049999999999999996,0.8,0.0,0.0,208.5,1
hex_14_20,48.87562000000004,2.3824999999999967,0.25,Low,0.0,1.0,1.0,0.024999999999999998,0.8,0.0,0.0,213.5,1
hex_14_21,48.87562000000004,2.3899999999999966,0.08999999999999998,Very Low,0.0,3.0,4.0,0.075,0.19999999999999996,0.0,0.0,230.0,1
hex_14_22,48.87562000000004,2.3974999999999964,0.4833333333333333,Medium,0.0,3.0,1.0,0.27499999999999997,0.8,0.6666666666666666,0.0,103.5,1
hex_14_23,48.87562000000004,2.4049999999999963,0.39,Low,0.0,1.0,4.0,0.325,0.19999999999999996,1.0,0.0,145.5,1
hex_15_8,48.87995000000004,2.288749999999999,0.45,Medium,0.0,1.0,3.0,0.325,0.4,1.0,0.0,120.0,1
hex_15_9,48.87995000000004,2.296249999999999,0.5700000000000001,Medium,0.0,1.0,1.0,0.325,0.8,1.0,0.0,64.0,1
hex_15_10,48.87995000000004,2.3037499999999986,0.63,High,0.0,1.0,0.0,0.325,1.0,1.0,0.0,28.5,0
hex_15_11,48.87995000000004,2.3112499999999985,0.63,High,0.0,1.0,0.0,0.325,1.0,1.0,0.0,28.5,0
hex_15_13,48.87995000000004,2.326249999999998,0.6599999999999999,High,0.0,4.0,0.0,0.39999999999999997,1.0,1.0,0.0,3.0,0
hex_15_14,48.87995000000004,2.333749999999998,0.51,Medium,0.0,1.0,2.0,0.325,0.6,1.0,0.0,94.0,1
hex_15_15,48.87995000000004,2.341249999999998,0.65,High,0.0,3.0,0.0,0.375,1.0,1.0,0.0,5.5,0
hex_15_16,48.87995000000004,2.3487499999999977,0.36,Low,0.0,2.0,2.0,0.19999999999999998,0.6,0.5,0.0,158.5,1
hex_15_17,48.87995000000004,2.3562499999999975,0.31,Low,0.0,1.0,0.0,0.024999999999999998,1.0,0.0,0.0,187.0,0
hex_15_18,48.87995000000004,2.3637499999999974,0.37666666666666665,Low,0.0,3.0,1.0,0.175,0.8,0.3333333333333333,0.0,152.0,1
hex_15_19,48.87995000000004,2.371249999999997,0.52,Medium,0.0,4.0,1.0,0.32499999999999996,0.8,0.75,0.0,86.0,1
hex_15_20,48.87995000000004,2.378749999999997,0.51,Medium,0.0,1.0,2.0,0.325,0.6,1.0,0.0,94.0,1
hex_15_21,48.87995000000004,2.386249999999997,0.07999999999999999,Very Low,0.0,2.0,4.0,0.049999999999999996,0.19999999999999996,0.0,0.0,231.0,1
hex_15_22,48.87995000000004,2.3937499999999967,0.32999999999999996,Low,0.0,9.0,1.0,0.22499999999999998,0.8,0.0,0.0,165.5,1
hex_15_23,48.87995000000004,2.4012499999999966,0.63,High,0.0,1.0,0.0,0.325,1.0,1.0,0.0,28.5,0
hex_16_8,48.88428000000005,2.2924999999999986,0.5433333333333333,Medium,0.0,3.0,0.0,0.27499999999999997,1.0,0.6666666666666666,0.0,77.0,0
hex_16_11,48.88428000000005,2.314999999999998,0.36,Low,0.0,2.0,2.0,0.19999999999999998,0.6,0.5,0.0,158.5,1
hex_16_12,48.88428000000005,2.322499999999998,0.31,Low,0.0,1.0,0.0,0.024999999999999998,1.0,0.0,0.0,187.0,0
hex_16_13,48.88428000000005,2.329999999999998,0.5433333333333333,Medium,0.0,3.0,0.0,0.27499999999999997,1.0,0.6666666666666666,0.0,77.0,0
hex_16_14,48.88428000000005,2.3374999999999977,0.58,Medium,0.0,4.0,0.0,0.32499999999999996,1.0,0.75,0.0,54.5,0
hex_16_15,48.88428000000005,2.3449999999999975,0.27,Low,0.0,3.0,1.0,0.075,0.8,0.0,0.0,205.5,1
hex_16_16,48.88428000000005,2.3524999999999974,0.5900000000000001,Medium,0.0,3.0,1.0,0.375,0.8,1.0,0.0,46.5,1
hex_16_17,48.88428000000005,2.359999999999997,0.5700000000000001,Medium,0.0,1.0,1.0,0.325,0.8,1.0,0.0,64.0,1
hex_16_19,48.88428000000005,2.374999999999997,0.38,Low,0.0,4.0,2.0,0.25,0.6,0.5,0.0,148.0,1
hex_16_20,48.88428000000005,2.3824999999999967,0.27,Low,0.0,3.0,1.0,0.075,0.8,0.0,0.0,205.5,1
hex_16_21,48.88428000000005,2.3899999999999966,0.23333333333333334,Low,0.0,6.0,3.0,0.19999999999999998,0.4,0.16666666666666666,0.0,217.0,1
hex_17_8,48.88861000000005,2.288749999999999,0.63,High,0.0,1.0,0.0,0.325,1.0,1.0,0.0,28.5,0
hex_17_10,48.88861000000005,2.3037499999999986,0.5700000000000001,Medium,0.0,1.0,1.0,0.325,0.8,1.0,0.0,64.0,1
hex_17_11,48.88861000000005,2.3112499999999985,0.43999999999999995,Medium,0.0,4.0,1.0,0.25,0.8,0.5,0.0,125.0,1
hex_17_12,48.88861000000005,2.3187499999999983,0.32,Low,0.0,2.0,0.0,0.049999999999999996,1.0,0.0,0.0,169.5,0
hex_17_13,48.88861000000005,2.326249999999998,0.418,Medium,0.0,5.0,1.0,0.245,0.8,0.4,0.0,135.0,1
hex_17_14,48.88861000000005,2.333749999999998,0.25,Low,0.0,1.0,1.0,0.024999999999999998,0.8,0.0,0.0,213.5,1
hex_17_15,48.88861000000005,2.341249999999998,0.36,Low,0.0,4.0,1.0,0.175,0.8,0.25,0.0,158.5,1
hex_17_16,48.88861000000005,2.3487499999999977,0.48,Medium,0.0,2.0,0.0,0.19999999999999998,1.0,0.5,0.0,110.0,0
hex_17_17,48.88861000000005,2.3562499999999975,0.5528571428571428,Medium,0.0,7.0,0.0,0.3464285714285714,1.0,0.5714285714285714,0.0,73.0,0
hex_17_18,48.88861000000005,2.3637499999999974,0.42000000000000004,Medium,0.0,2.0,1.0,0.19999999999999998,0.8,0.5,0.0,130.0,1
hex_17_19,48.88861000000005,2.371249999999997,0.26,Low,0.0,2.0,1.0,0.049999999999999996,0.8,0.0,0.0,208.5,1
hex_17_20,48.88861000000005,2.378749999999997,0.38,Low,0.0,8.0,2.0,0.3125,0.6,0.375,0.0,148.0,1
hex_17_21,48.88861000000005,2.386249999999997,0.25,Low,0.0,1.0,1.0,0.024999999999999998,0.8,0.0,0.0,213.5,1
hex_17_22,48.88861000000005,2.3937499999999967,0.32,Low,0.0,2.0,0.0,0.049999999999999996,1.0,0.0,0.0,169.5,0
hex_17_23,48.88861000000005,2.4012499999999966,0.5700000000000001,Medium,0.0,1.0,1.0,0.325,0.8,1.0,0.0,64.0,1
hex_18_12,48.89294000000005,2.322499999999998,0.63,High,0.0,1.0,0.0,0.325,1.0,1.0,0.0,28.5,0
hex_18_14,48.89294000000005,2.3374999999999977,0.51,Medium,0.0,1.0,2.0,0.325,0.6,1.0,0.0,94.0,1
hex_18_15,48.89294000000005,2.3449999999999975,0.52,Medium,0.0,4.0,1.0,0.32499999999999996,0.8,0.75,0.0,86.0,1
hex_18_16,48.89294000000005,2.3524999999999974,0.42000000000000004,Medium,0.0,2.0,1.0,0.19999999999999998,0.8,0.5,0.0,130.0,1
hex_18_17,48.89294000000005,2.359999999999997,0.36,Low,0.0,4.0,1.0,0.175,0.8,0.25,0.0,158.5,1
hex_18_19,48.89294000000005,2.374999999999997,0.26,Low,0.0,2.0,1.0,0.049999999999999996,0.8,0.0,0.0,208.5,1
hex_19_13,48.897270000000056,2.326249999999998,0.30000000000000004,Low,0.0,2.0,3.0,0.19999999999999998,0.4,0.5,0.0,199.0,1
hex_19_14,48.897270000000056,2.333749999999998,0.6399999999999999,High,0.0,2.0,0.0,0.35,1.0,1.0,0.0,12.5,0
hex_19_15,48.897270000000056,2.341249999999998,0.45,Medium,0.0,1.0,3.0,0.325,0.4,1.0,0.0,120.0,1
hex_19_16,48.897270000000056,2.3487499999999977,0.42,Medium,0.0,4.0,0.0,0.175,1.0,0.25,0.0,132.5,0
hex_19_18,48.897270000000056,2.3637499999999974,0.21,Low,0.0,3.0,2.0,0.075,0.6,0.0,0.0,218.0,1
hex_20_14,48.90160000000006,2.3374999999999977,0.31,Low,0.0,1.0,0.0,0.024999999999999998,1.0,0.0,0.0,187.0,0
hex_20_19,48.90160000000006,2.374999999999997,0.48,Medium,0.0,2.0,0.0,0.19999999999999998,1.0,0.5,0.0,110.0,0
hex_20_20,48.90160000000006,2.3824999999999967,0.31,Low,0.0,1.0,0.0,0.024999999999999998,1.0,0.0,0.0,187.0,0
